"id","model","examGroup","windowLength","costTime","chunkLength","escapeCount","input_tokens","output_tokens","reasoning_tokens"
"2205ad14-4ae1-45f2-8b71-d0c32395ba31","deepseek-r1-250120","diff",7000,858628,5,0,31237,22622,19851
"8c8d4b72-e923-4fd3-ba2a-0ba3bebf3332","deepseek-r1-250120","diff",39000,369548,2,0,32569,9992,8963
"8c8d4b72-e923-4fd3-ba2a-0ba3bebf3332","deepseek-r1-250120","diff",15000,854935,4,1,28547,22516,20965
"5a52d2e0-7219-40f9-aaf5-c3c51cc201c5","deepseek-r1-250120","diff",31000,467976,2,0,43361,12477,11696
"d4a6aaf1-8956-4941-8772-6eadfb6040e8","deepseek-r1-250120","diff",7000,990598,5,0,27242,26403,24887
"edb88d13-3175-4853-b34b-867d88f0571e","deepseek-r1-250120","diff",23000,151386,2,0,11964,4276,4083
"ffd079b6-5ec9-4d1e-bc34-a138d1c75afd","deepseek-r1-250120","diff",7000,177896,1,0,2435,5029,4846
"d4a6aaf1-8956-4941-8772-6eadfb6040e8","deepseek-r1-250120","diff",7000,696862,5,0,27204,18746,17269
"0c5bb896-8006-4554-9bed-de3826678257","deepseek-r1-250120","diff",31000,344471,2,0,26662,9224,8607
"ffd079b6-5ec9-4d1e-bc34-a138d1c75afd","deepseek-r1-250120","diff",7000,144093,1,0,2435,3782,3707
"3ba23f98-14d7-4107-9c7f-b59c607ac505","deepseek-r1-250120","diff",23000,365268,2,0,22674,9776,8537
"edb88d13-3175-4853-b34b-867d88f0571e","deepseek-r1-250120","diff",23000,568195,2,0,12008,15471,14363
"edb88d13-3175-4853-b34b-867d88f0571e","deepseek-r1-250120","diff",31000,142618,2,0,12783,3787,1898
"8c8d4b72-e923-4fd3-ba2a-0ba3bebf3332","deepseek-r1-250120","diff",39000,560351,2,0,32569,14485,13495
"edb88d13-3175-4853-b34b-867d88f0571e","deepseek-r1-250120","diff",39000,584250,2,0,11992,15183,14120
"03c49e5d-7c42-4c3e-b008-7996972de0a4","deepseek-r1-250120","diff",7000,1453482,8,0,50238,38500,35070
"03c49e5d-7c42-4c3e-b008-7996972de0a4","deepseek-r1-250120","diff",31000,147563,2,0,38344,3777,2917
"edb88d13-3175-4853-b34b-867d88f0571e","deepseek-r1-250120","diff",39000,360797,2,0,11964,9701,8688
"2205ad14-4ae1-45f2-8b71-d0c32395ba31","deepseek-r1-250120","diff",15000,465339,3,0,26375,11850,10833
"2205ad14-4ae1-45f2-8b71-d0c32395ba31","deepseek-r1-250120","diff",31000,360286,2,0,23483,9660,8774
"03c49e5d-7c42-4c3e-b008-7996972de0a4","deepseek-r1-250120","diff",7000,1756352,8,0,49388,45994,42579
"5a52d2e0-7219-40f9-aaf5-c3c51cc201c5","deepseek-r1-250120","diff",23000,576923,3,0,37231,15344,13896
"3ba23f98-14d7-4107-9c7f-b59c607ac505","deepseek-r1-250120","diff",31000,480837,2,0,24731,12271,12111
"d4a6aaf1-8956-4941-8772-6eadfb6040e8","deepseek-r1-250120","diff",23000,139078,2,1,25227,3674,3289
"2205ad14-4ae1-45f2-8b71-d0c32395ba31","deepseek-r1-250120","diff",7000,958884,5,0,30977,24694,22485
"3ba23f98-14d7-4107-9c7f-b59c607ac505","deepseek-r1-250120","diff",39000,58750,1,0,22613,1390,745
"2205ad14-4ae1-45f2-8b71-d0c32395ba31","deepseek-r1-250120","diff",15000,417730,3,0,26603,10724,9667
"5a52d2e0-7219-40f9-aaf5-c3c51cc201c5","deepseek-r1-250120","diff",23000,622433,3,0,36853,16761,16309
"8c8d4b72-e923-4fd3-ba2a-0ba3bebf3332","deepseek-r1-250120","diff",31000,221899,2,1,31206,5818,4530
"0c5bb896-8006-4554-9bed-de3826678257","deepseek-r1-250120","diff",7000,1002955,6,0,36652,26073,23785
"5a52d2e0-7219-40f9-aaf5-c3c51cc201c5","deepseek-r1-250120","diff",15000,787454,4,0,29726,20956,19682
"03c49e5d-7c42-4c3e-b008-7996972de0a4","deepseek-r1-250120","diff",23000,627365,3,0,38832,15613,14992
"ffd079b6-5ec9-4d1e-bc34-a138d1c75afd","deepseek-r1-250120","diff",15000,63287,1,0,2435,1680,1605
"5a52d2e0-7219-40f9-aaf5-c3c51cc201c5","deepseek-r1-250120","diff",39000,473933,2,0,34866,12196,11423
"edb88d13-3175-4853-b34b-867d88f0571e","deepseek-r1-250120","diff",31000,599165,2,0,12737,16302,14470
"a753dd92-3787-4846-9b1b-81c810fb3ff7","deepseek-r1-250120","diff",15000,615633,3,0,42235,16452,14046
"2205ad14-4ae1-45f2-8b71-d0c32395ba31","deepseek-r1-250120","diff",39000,344324,1,0,26980,9232,8662
"ffd079b6-5ec9-4d1e-bc34-a138d1c75afd","deepseek-r1-250120","diff",31000,102265,1,0,2435,2754,2679
"03c49e5d-7c42-4c3e-b008-7996972de0a4","deepseek-r1-250120","diff",23000,211273,3,0,39516,5641,3678
"0c5bb896-8006-4554-9bed-de3826678257","deepseek-r1-250120","diff",39000,233325,2,1,30158,5945,5695
"0c5bb896-8006-4554-9bed-de3826678257","deepseek-r1-250120","diff",23000,401167,2,1,32130,10232,9232
"edb88d13-3175-4853-b34b-867d88f0571e","deepseek-r1-250120","diff",15000,385669,2,1,11948,10568,10389
"edb88d13-3175-4853-b34b-867d88f0571e","deepseek-r1-250120","diff",15000,309538,2,0,11964,8420,7407
"ffd079b6-5ec9-4d1e-bc34-a138d1c75afd","deepseek-r1-250120","diff",15000,112997,1,0,2435,2972,2901
"d4a6aaf1-8956-4941-8772-6eadfb6040e8","deepseek-r1-250120","diff",15000,601485,4,0,32179,16420,13052
"03c49e5d-7c42-4c3e-b008-7996972de0a4","deepseek-r1-250120","diff",31000,107497,2,1,38130,2519,2048
"ffd079b6-5ec9-4d1e-bc34-a138d1c75afd","deepseek-r1-250120","diff",15000,118179,1,0,2435,2989,2914
"5a52d2e0-7219-40f9-aaf5-c3c51cc201c5","deepseek-r1-250120","diff",39000,388196,2,0,34869,10308,9605
"8c8d4b72-e923-4fd3-ba2a-0ba3bebf3332","deepseek-r1-250120","diff",15000,688165,4,0,29093,17767,15570
"03c49e5d-7c42-4c3e-b008-7996972de0a4","deepseek-r1-250120","diff",23000,494159,3,0,38925,13412,11915
"8c8d4b72-e923-4fd3-ba2a-0ba3bebf3332","deepseek-r1-250120","diff",31000,390509,2,1,30682,10385,9546
"8c8d4b72-e923-4fd3-ba2a-0ba3bebf3332","deepseek-r1-250120","diff",7000,774062,5,0,24198,20960,18215
"ffd079b6-5ec9-4d1e-bc34-a138d1c75afd","deepseek-r1-250120","diff",23000,76029,1,0,2435,1984,1920
"03c49e5d-7c42-4c3e-b008-7996972de0a4","deepseek-r1-250120","diff",15000,198131,4,0,43371,5213,3524
"edb88d13-3175-4853-b34b-867d88f0571e","deepseek-r1-250120","diff",7000,516507,3,0,15726,14136,12144
"a753dd92-3787-4846-9b1b-81c810fb3ff7","deepseek-r1-250120","diff",39000,623996,2,0,38679,16946,15078
"2205ad14-4ae1-45f2-8b71-d0c32395ba31","deepseek-r1-250120","diff",39000,96414,1,0,26980,2315,2201
"ffd079b6-5ec9-4d1e-bc34-a138d1c75afd","deepseek-r1-250120","diff",31000,48379,1,0,2435,1133,1058
"d4a6aaf1-8956-4941-8772-6eadfb6040e8","deepseek-r1-250120","diff",31000,317871,2,0,25227,8277,7831
"2205ad14-4ae1-45f2-8b71-d0c32395ba31","deepseek-r1-250120","diff",31000,283622,2,0,23460,7321,6846
"5a52d2e0-7219-40f9-aaf5-c3c51cc201c5","deepseek-r1-250120","diff",15000,566384,4,0,29757,15046,14153
"a753dd92-3787-4846-9b1b-81c810fb3ff7","deepseek-r1-250120","diff",39000,332753,2,0,38679,8722,6769
"0c5bb896-8006-4554-9bed-de3826678257","deepseek-r1-250120","diff",31000,318096,2,2,26406,7760,7196
"03c49e5d-7c42-4c3e-b008-7996972de0a4","deepseek-r1-250120","diff",39000,520953,2,1,37488,13284,12808
"a753dd92-3787-4846-9b1b-81c810fb3ff7","deepseek-r1-250120","diff",7000,1333509,6,1,45964,36811,33475
"3ba23f98-14d7-4107-9c7f-b59c607ac505","deepseek-r1-250120","diff",31000,179806,2,0,24802,4633,3770
"2205ad14-4ae1-45f2-8b71-d0c32395ba31","deepseek-r1-250120","diff",23000,134248,2,1,29765,3268,2728
"03c49e5d-7c42-4c3e-b008-7996972de0a4","deepseek-r1-250120","diff",39000,162018,2,0,37475,3978,3524
"2205ad14-4ae1-45f2-8b71-d0c32395ba31","deepseek-r1-250120","diff",23000,194582,2,2,29676,4788,4391
"ffd079b6-5ec9-4d1e-bc34-a138d1c75afd","deepseek-r1-250120","diff",23000,87672,1,0,2435,2270,2195
"a753dd92-3787-4846-9b1b-81c810fb3ff7","deepseek-r1-250120","diff",7000,1108833,6,0,49066,29091,25070
"3ba23f98-14d7-4107-9c7f-b59c607ac505","deepseek-r1-250120","diff",15000,516202,3,0,28294,13487,11196
"a753dd92-3787-4846-9b1b-81c810fb3ff7","deepseek-r1-250120","diff",23000,367996,2,1,37894,9496,8163
"2205ad14-4ae1-45f2-8b71-d0c32395ba31","deepseek-r1-250120","diff",31000,403410,2,0,23968,10419,8917
"ffd079b6-5ec9-4d1e-bc34-a138d1c75afd","deepseek-r1-250120","diff",31000,78290,1,0,2435,2029,1958
"0c5bb896-8006-4554-9bed-de3826678257","deepseek-r1-250120","diff",23000,353995,2,0,32130,9056,8080
"ffd079b6-5ec9-4d1e-bc34-a138d1c75afd","deepseek-r1-250120","diff",39000,59231,1,0,2435,1652,1592
"3ba23f98-14d7-4107-9c7f-b59c607ac505","deepseek-r1-250120","diff",31000,653113,2,0,25245,17898,16641
"edb88d13-3175-4853-b34b-867d88f0571e","deepseek-r1-250120","diff",15000,568587,2,0,12737,15463,13688
"d4a6aaf1-8956-4941-8772-6eadfb6040e8","deepseek-r1-250120","diff",39000,577372,2,0,30482,15407,14350
"5a52d2e0-7219-40f9-aaf5-c3c51cc201c5","deepseek-r1-250120","diff",7000,696673,6,0,31888,17823,15259
"8c8d4b72-e923-4fd3-ba2a-0ba3bebf3332","deepseek-r1-250120","diff",23000,575069,3,0,32069,15255,13335
"d4a6aaf1-8956-4941-8772-6eadfb6040e8","deepseek-r1-250120","diff",31000,347318,2,2,25227,9240,8840
"3ba23f98-14d7-4107-9c7f-b59c607ac505","deepseek-r1-250120","diff",7000,619189,5,2,29854,15937,13887
"a753dd92-3787-4846-9b1b-81c810fb3ff7","deepseek-r1-250120","diff",23000,347461,2,0,38417,9496,7621
"0c5bb896-8006-4554-9bed-de3826678257","deepseek-r1-250120","diff",15000,609537,3,0,29359,15991,14936
"03c49e5d-7c42-4c3e-b008-7996972de0a4","deepseek-r1-250120","diff",31000,156040,2,0,38121,3592,3020
"d4a6aaf1-8956-4941-8772-6eadfb6040e8","deepseek-r1-250120","diff",23000,403809,2,0,25801,11052,9648
"0c5bb896-8006-4554-9bed-de3826678257","deepseek-r1-250120","diff",31000,410356,2,1,26406,10423,9675
"a753dd92-3787-4846-9b1b-81c810fb3ff7","deepseek-r1-250120","diff",39000,637974,2,0,37849,17293,16243
"d4a6aaf1-8956-4941-8772-6eadfb6040e8","deepseek-r1-250120","diff",7000,926165,5,0,28271,25885,22861
"3ba23f98-14d7-4107-9c7f-b59c607ac505","deepseek-r1-250120","diff",15000,412739,3,0,27948,11009,9461
"d4a6aaf1-8956-4941-8772-6eadfb6040e8","deepseek-r1-250120","diff",15000,1102931,4,0,30573,29898,28485
"edb88d13-3175-4853-b34b-867d88f0571e","deepseek-r1-250120","diff",23000,563659,2,0,12737,15231,13412
"03c49e5d-7c42-4c3e-b008-7996972de0a4","deepseek-r1-250120","diff",39000,467914,2,0,37452,12736,12479
"edb88d13-3175-4853-b34b-867d88f0571e","deepseek-r1-250120","diff",7000,445683,3,0,16352,11576,8919
"ffd079b6-5ec9-4d1e-bc34-a138d1c75afd","deepseek-r1-250120","diff",7000,87158,1,0,2435,2281,2210
"8c8d4b72-e923-4fd3-ba2a-0ba3bebf3332","deepseek-r1-250120","diff",39000,214588,2,0,32693,5656,4397
"edb88d13-3175-4853-b34b-867d88f0571e","deepseek-r1-250120","diff",31000,500390,2,0,12737,13751,11950
"5a52d2e0-7219-40f9-aaf5-c3c51cc201c5","deepseek-r1-250120","diff",7000,783386,6,0,32853,21034,17417
"edb88d13-3175-4853-b34b-867d88f0571e","deepseek-r1-250120","diff",7000,672570,3,0,15579,18199,16318
"0c5bb896-8006-4554-9bed-de3826678257","deepseek-r1-250120","diff",15000,426468,3,0,29616,11007,9817
"3ba23f98-14d7-4107-9c7f-b59c607ac505","deepseek-r1-250120","diff",7000,624937,5,0,29892,17331,15159
"8c8d4b72-e923-4fd3-ba2a-0ba3bebf3332","deepseek-r1-250120","diff",7000,784144,5,1,24111,20286,17505
"a753dd92-3787-4846-9b1b-81c810fb3ff7","deepseek-r1-250120","diff",15000,266928,3,1,41081,6830,5080
"5a52d2e0-7219-40f9-aaf5-c3c51cc201c5","deepseek-r1-250120","diff",39000,359719,2,0,34872,9815,9234
"3ba23f98-14d7-4107-9c7f-b59c607ac505","deepseek-r1-250120","diff",23000,187417,2,0,22212,4597,3805
"ffd079b6-5ec9-4d1e-bc34-a138d1c75afd","deepseek-r1-250120","diff",39000,145094,1,0,2435,3855,3784
"5a52d2e0-7219-40f9-aaf5-c3c51cc201c5","deepseek-r1-250120","diff",31000,220399,2,0,43429,5729,5142
"5a52d2e0-7219-40f9-aaf5-c3c51cc201c5","deepseek-r1-250120","diff",23000,868077,3,1,36749,22487,21669
"3ba23f98-14d7-4107-9c7f-b59c607ac505","deepseek-r1-250120","diff",15000,411720,3,0,27154,11042,10664
"edb88d13-3175-4853-b34b-867d88f0571e","deepseek-r1-250120","diff",39000,432221,2,0,12452,11542,10039
"03c49e5d-7c42-4c3e-b008-7996972de0a4","deepseek-r1-250120","diff",15000,556779,4,1,41660,14119,12958
"0c5bb896-8006-4554-9bed-de3826678257","deepseek-r1-250120","diff",39000,311027,2,0,30172,8224,8014
"a753dd92-3787-4846-9b1b-81c810fb3ff7","deepseek-r1-250120","diff",15000,743717,3,1,42523,20257,17465
"2205ad14-4ae1-45f2-8b71-d0c32395ba31","deepseek-r1-250120","diff",23000,670116,2,1,29676,18818,18242
"8c8d4b72-e923-4fd3-ba2a-0ba3bebf3332","deepseek-r1-250120","diff",31000,404595,2,0,31249,9631,8777
"2205ad14-4ae1-45f2-8b71-d0c32395ba31","deepseek-r1-250120","diff",7000,1034889,5,0,32509,27379,23307
"d4a6aaf1-8956-4941-8772-6eadfb6040e8","deepseek-r1-250120","diff",39000,426740,2,1,30482,11421,10369
"5a52d2e0-7219-40f9-aaf5-c3c51cc201c5","deepseek-r1-250120","diff",15000,609690,4,0,29614,16400,15771
"2205ad14-4ae1-45f2-8b71-d0c32395ba31","deepseek-r1-250120","diff",39000,417998,1,0,26980,11086,10466
"a753dd92-3787-4846-9b1b-81c810fb3ff7","deepseek-r1-250120","diff",31000,484656,2,0,37912,12734,11574
"a753dd92-3787-4846-9b1b-81c810fb3ff7","deepseek-r1-250120","diff",31000,392401,2,0,38579,10255,8388
"ffd079b6-5ec9-4d1e-bc34-a138d1c75afd","deepseek-r1-250120","diff",39000,68832,1,0,2435,1868,1797
"d4a6aaf1-8956-4941-8772-6eadfb6040e8","deepseek-r1-250120","diff",39000,309703,2,0,30049,7837,7536
"8c8d4b72-e923-4fd3-ba2a-0ba3bebf3332","deepseek-r1-250120","diff",7000,654708,5,0,23616,17719,15680
"0c5bb896-8006-4554-9bed-de3826678257","deepseek-r1-250120","diff",39000,304564,2,0,30414,8180,7434
"8c8d4b72-e923-4fd3-ba2a-0ba3bebf3332","deepseek-r1-250120","diff",23000,498641,3,0,32069,12989,11139
"2205ad14-4ae1-45f2-8b71-d0c32395ba31","deepseek-r1-250120","diff",15000,536785,3,0,26549,13750,12610
"8c8d4b72-e923-4fd3-ba2a-0ba3bebf3332","deepseek-r1-250120","diff",15000,932995,4,1,28701,25422,22927
"03c49e5d-7c42-4c3e-b008-7996972de0a4","deepseek-r1-250120","diff",15000,520313,4,1,41705,13637,12235
"3ba23f98-14d7-4107-9c7f-b59c607ac505","deepseek-r1-250120","diff",39000,48468,1,0,22613,1227,582
"0c5bb896-8006-4554-9bed-de3826678257","deepseek-r1-250120","diff",23000,201552,2,1,31769,4838,4630
"3ba23f98-14d7-4107-9c7f-b59c607ac505","deepseek-r1-250120","diff",23000,374343,2,0,22160,9720,9137
"d4a6aaf1-8956-4941-8772-6eadfb6040e8","deepseek-r1-250120","diff",23000,596156,2,0,25324,16208,15662
"8c8d4b72-e923-4fd3-ba2a-0ba3bebf3332","deepseek-r1-250120","diff",23000,628250,3,1,31080,15919,15518
"0c5bb896-8006-4554-9bed-de3826678257","deepseek-r1-250120","diff",7000,834940,6,0,36906,21247,18966
"5a52d2e0-7219-40f9-aaf5-c3c51cc201c5","deepseek-r1-250120","diff",7000,1183047,6,1,32032,32780,29506
"0c5bb896-8006-4554-9bed-de3826678257","deepseek-r1-250120","diff",7000,820502,6,0,37057,22107,19600
"a753dd92-3787-4846-9b1b-81c810fb3ff7","deepseek-r1-250120","diff",23000,461620,2,0,38402,11872,10013
"d4a6aaf1-8956-4941-8772-6eadfb6040e8","deepseek-r1-250120","diff",15000,759573,4,0,30820,20481,18364
"5a52d2e0-7219-40f9-aaf5-c3c51cc201c5","deepseek-r1-250120","diff",31000,532761,2,1,43300,13557,12986
"a753dd92-3787-4846-9b1b-81c810fb3ff7","deepseek-r1-250120","diff",31000,538771,2,0,38579,14673,12756
"ffd079b6-5ec9-4d1e-bc34-a138d1c75afd","deepseek-r1-250120","diff",23000,97217,1,0,2435,2645,2574
"3ba23f98-14d7-4107-9c7f-b59c607ac505","deepseek-r1-250120","diff",7000,800334,5,0,30016,21004,18679
"3ba23f98-14d7-4107-9c7f-b59c607ac505","deepseek-r1-250120","diff",39000,101296,1,0,22613,2551,2471
"a753dd92-3787-4846-9b1b-81c810fb3ff7","deepseek-r1-250120","diff",7000,919067,6,0,47367,24982,20455
"03c49e5d-7c42-4c3e-b008-7996972de0a4","deepseek-r1-250120","diff",7000,1361225,8,0,51210,35394,32358
"d4a6aaf1-8956-4941-8772-6eadfb6040e8","deepseek-r1-250120","diff",31000,97290,2,1,25660,2559,1544
"0c5bb896-8006-4554-9bed-de3826678257","deepseek-r1-250120","diff",15000,602928,3,1,29470,15050,13847
"d4a6aaf1-8956-4941-8772-6eadfb6040e8","deepseek-v3-241226","diff",7000,21376,5,0,26522,453,0
"a753dd92-3787-4846-9b1b-81c810fb3ff7","deepseek-v3-241226","diff",15000,119552,3,0,42903,3167,0
"3ba23f98-14d7-4107-9c7f-b59c607ac505","deepseek-v3-241226","diff",31000,11106,2,0,24727,179,0
"5a52d2e0-7219-40f9-aaf5-c3c51cc201c5","deepseek-v3-241226","diff",31000,16860,2,0,43296,195,0
"8c8d4b72-e923-4fd3-ba2a-0ba3bebf3332","deepseek-v3-241226","diff",23000,16847,3,0,31015,268,0
"0c5bb896-8006-4554-9bed-de3826678257","deepseek-v3-241226","diff",15000,25235,3,0,29190,550,0
"edb88d13-3175-4853-b34b-867d88f0571e","deepseek-v3-241226","diff",39000,8542,2,0,11944,166,0
"ffd079b6-5ec9-4d1e-bc34-a138d1c75afd","deepseek-v3-241226","diff",23000,2801,1,0,2433,64,0
"03c49e5d-7c42-4c3e-b008-7996972de0a4","deepseek-v3-241226","diff",31000,70964,2,0,38695,1694,0
"d4a6aaf1-8956-4941-8772-6eadfb6040e8","deepseek-v3-241226","diff",23000,12696,2,0,25223,206,0
"3ba23f98-14d7-4107-9c7f-b59c607ac505","deepseek-v3-241226","diff",15000,13814,3,0,27098,260,0
"ffd079b6-5ec9-4d1e-bc34-a138d1c75afd","deepseek-v3-241226","diff",15000,2680,1,0,2433,59,0
"ffd079b6-5ec9-4d1e-bc34-a138d1c75afd","deepseek-v3-241226","diff",23000,2459,1,0,2433,63,0
"5a52d2e0-7219-40f9-aaf5-c3c51cc201c5","deepseek-v3-241226","diff",7000,35692,6,0,30557,749,0
"d4a6aaf1-8956-4941-8772-6eadfb6040e8","deepseek-v3-241226","diff",7000,25855,5,0,26522,451,0
"edb88d13-3175-4853-b34b-867d88f0571e","deepseek-v3-241226","diff",23000,9146,2,0,11944,194,0
"3ba23f98-14d7-4107-9c7f-b59c607ac505","deepseek-v3-241226","diff",31000,7942,2,0,24727,171,0
"8c8d4b72-e923-4fd3-ba2a-0ba3bebf3332","deepseek-v3-241226","diff",7000,22182,5,0,22546,461,0
"03c49e5d-7c42-4c3e-b008-7996972de0a4","deepseek-v3-241226","diff",31000,14834,2,0,38089,207,0
"8c8d4b72-e923-4fd3-ba2a-0ba3bebf3332","deepseek-v3-241226","diff",23000,17138,3,0,31015,259,0
"3ba23f98-14d7-4107-9c7f-b59c607ac505","deepseek-v3-241226","diff",7000,114661,5,0,30709,3048,0
"5a52d2e0-7219-40f9-aaf5-c3c51cc201c5","deepseek-v3-241226","diff",31000,14832,2,0,43296,196,0
"a753dd92-3787-4846-9b1b-81c810fb3ff7","deepseek-v3-241226","diff",23000,13176,2,0,37583,165,0
"edb88d13-3175-4853-b34b-867d88f0571e","deepseek-v3-241226","diff",39000,7756,2,0,11944,166,0
"2205ad14-4ae1-45f2-8b71-d0c32395ba31","deepseek-v3-241226","diff",23000,11965,2,0,29672,188,0
"a753dd92-3787-4846-9b1b-81c810fb3ff7","deepseek-v3-241226","diff",31000,35333,2,0,37745,696,0
"8c8d4b72-e923-4fd3-ba2a-0ba3bebf3332","deepseek-v3-241226","diff",39000,13044,2,0,32160,179,0
"2205ad14-4ae1-45f2-8b71-d0c32395ba31","deepseek-v3-241226","diff",39000,9779,1,0,26978,94,0
"d4a6aaf1-8956-4941-8772-6eadfb6040e8","deepseek-v3-241226","diff",39000,49354,2,0,30505,1076,0
"3ba23f98-14d7-4107-9c7f-b59c607ac505","deepseek-v3-241226","diff",39000,7131,1,0,22611,90,0
"0c5bb896-8006-4554-9bed-de3826678257","deepseek-v3-241226","diff",31000,37935,2,0,26763,936,0
"d4a6aaf1-8956-4941-8772-6eadfb6040e8","deepseek-v3-241226","diff",31000,11529,2,0,25223,207,0
"0c5bb896-8006-4554-9bed-de3826678257","deepseek-v3-241226","diff",23000,30141,2,0,31765,636,0
"a753dd92-3787-4846-9b1b-81c810fb3ff7","deepseek-v3-241226","diff",39000,16891,2,0,37845,242,0
"d4a6aaf1-8956-4941-8772-6eadfb6040e8","deepseek-v3-241226","diff",31000,12778,2,0,25223,207,0
"0c5bb896-8006-4554-9bed-de3826678257","deepseek-v3-241226","diff",39000,12426,2,0,30154,194,0
"2205ad14-4ae1-45f2-8b71-d0c32395ba31","deepseek-v3-241226","diff",31000,11018,2,0,23360,189,0
"03c49e5d-7c42-4c3e-b008-7996972de0a4","deepseek-v3-241226","diff",15000,128689,4,0,43203,3043,0
"03c49e5d-7c42-4c3e-b008-7996972de0a4","deepseek-v3-241226","diff",39000,11126,2,0,37419,205,0
"edb88d13-3175-4853-b34b-867d88f0571e","deepseek-v3-241226","diff",7000,12307,3,0,14768,234,0
"03c49e5d-7c42-4c3e-b008-7996972de0a4","deepseek-v3-241226","diff",7000,239539,8,0,52300,5851,0
"2205ad14-4ae1-45f2-8b71-d0c32395ba31","deepseek-v3-241226","diff",31000,10118,2,0,23360,189,0
"03c49e5d-7c42-4c3e-b008-7996972de0a4","deepseek-v3-241226","diff",23000,71726,3,0,39245,1659,0
"0c5bb896-8006-4554-9bed-de3826678257","deepseek-v3-241226","diff",7000,96849,6,0,36903,2477,0
"d4a6aaf1-8956-4941-8772-6eadfb6040e8","deepseek-v3-241226","diff",23000,12191,2,0,25223,206,0
"3ba23f98-14d7-4107-9c7f-b59c607ac505","deepseek-v3-241226","diff",15000,76157,3,0,28126,1913,0
"edb88d13-3175-4853-b34b-867d88f0571e","deepseek-v3-241226","diff",15000,9008,2,0,11944,194,0
"8c8d4b72-e923-4fd3-ba2a-0ba3bebf3332","deepseek-v3-241226","diff",31000,14290,2,0,30678,179,0
"3ba23f98-14d7-4107-9c7f-b59c607ac505","deepseek-v3-241226","diff",39000,7771,1,0,22611,91,0
"03c49e5d-7c42-4c3e-b008-7996972de0a4","deepseek-v3-241226","diff",15000,23961,4,0,41418,459,0
"ffd079b6-5ec9-4d1e-bc34-a138d1c75afd","deepseek-v3-241226","diff",31000,2806,1,0,2433,63,0
"0c5bb896-8006-4554-9bed-de3826678257","deepseek-v3-241226","diff",15000,16140,3,0,29060,314,0
"ffd079b6-5ec9-4d1e-bc34-a138d1c75afd","deepseek-v3-241226","diff",7000,3221,1,0,2433,63,0
"0c5bb896-8006-4554-9bed-de3826678257","deepseek-v3-241226","diff",15000,15316,3,0,29060,299,0
"3ba23f98-14d7-4107-9c7f-b59c607ac505","deepseek-v3-241226","diff",23000,9710,2,0,22156,181,0
"0c5bb896-8006-4554-9bed-de3826678257","deepseek-v3-241226","diff",7000,95571,6,0,36903,2505,0
"ffd079b6-5ec9-4d1e-bc34-a138d1c75afd","deepseek-v3-241226","diff",15000,3591,1,0,2433,59,0
"2205ad14-4ae1-45f2-8b71-d0c32395ba31","deepseek-v3-241226","diff",15000,13638,3,0,26064,271,0
"ffd079b6-5ec9-4d1e-bc34-a138d1c75afd","deepseek-v3-241226","diff",31000,2649,1,0,2433,64,0
"a753dd92-3787-4846-9b1b-81c810fb3ff7","deepseek-v3-241226","diff",39000,59228,2,0,37845,1267,0
"d4a6aaf1-8956-4941-8772-6eadfb6040e8","deepseek-v3-241226","diff",39000,14092,2,0,30045,207,0
"a753dd92-3787-4846-9b1b-81c810fb3ff7","deepseek-v3-241226","diff",7000,132777,6,0,45618,3592,0
"8c8d4b72-e923-4fd3-ba2a-0ba3bebf3332","deepseek-v3-241226","diff",7000,21360,5,0,22536,434,0
"3ba23f98-14d7-4107-9c7f-b59c607ac505","deepseek-v3-241226","diff",7000,20257,5,0,28653,409,0
"edb88d13-3175-4853-b34b-867d88f0571e","deepseek-v3-241226","diff",23000,9794,2,0,11944,167,0
"8c8d4b72-e923-4fd3-ba2a-0ba3bebf3332","deepseek-v3-241226","diff",15000,90168,4,0,29625,2467,0
"03c49e5d-7c42-4c3e-b008-7996972de0a4","deepseek-v3-241226","diff",23000,27983,3,0,38747,559,0
"edb88d13-3175-4853-b34b-867d88f0571e","deepseek-v3-241226","diff",15000,9358,2,0,11944,195,0
"d4a6aaf1-8956-4941-8772-6eadfb6040e8","deepseek-v3-241226","diff",15000,26765,4,0,30109,600,0
"0c5bb896-8006-4554-9bed-de3826678257","deepseek-v3-241226","diff",39000,12805,2,0,30154,195,0
"8c8d4b72-e923-4fd3-ba2a-0ba3bebf3332","deepseek-v3-241226","diff",31000,11211,2,0,30678,178,0
"a753dd92-3787-4846-9b1b-81c810fb3ff7","deepseek-v3-241226","diff",31000,160058,2,0,37745,4179,0
"ffd079b6-5ec9-4d1e-bc34-a138d1c75afd","deepseek-v3-241226","diff",7000,2794,1,0,2433,63,0
"5a52d2e0-7219-40f9-aaf5-c3c51cc201c5","deepseek-v3-241226","diff",7000,31942,6,0,30557,746,0
"2205ad14-4ae1-45f2-8b71-d0c32395ba31","deepseek-v3-241226","diff",7000,82630,5,0,30913,2008,0
"8c8d4b72-e923-4fd3-ba2a-0ba3bebf3332","deepseek-v3-241226","diff",39000,47888,2,0,32684,1299,0
"2205ad14-4ae1-45f2-8b71-d0c32395ba31","deepseek-v3-241226","diff",7000,54601,5,0,30412,1311,0
"a753dd92-3787-4846-9b1b-81c810fb3ff7","deepseek-v3-241226","diff",23000,31910,2,0,37583,542,0
"5a52d2e0-7219-40f9-aaf5-c3c51cc201c5","deepseek-v3-241226","diff",15000,18974,4,0,29431,354,0
"edb88d13-3175-4853-b34b-867d88f0571e","deepseek-v3-241226","diff",7000,12303,3,0,14768,244,0
"5a52d2e0-7219-40f9-aaf5-c3c51cc201c5","deepseek-v3-241226","diff",7000,33569,6,0,30557,691,0
"ffd079b6-5ec9-4d1e-bc34-a138d1c75afd","deepseek-v3-241226","diff",15000,2744,1,0,2433,59,0
"2205ad14-4ae1-45f2-8b71-d0c32395ba31","deepseek-v3-241226","diff",15000,14748,3,0,26064,271,0
"8c8d4b72-e923-4fd3-ba2a-0ba3bebf3332","deepseek-v3-241226","diff",31000,13954,2,0,30678,206,0
"ffd079b6-5ec9-4d1e-bc34-a138d1c75afd","deepseek-v3-241226","diff",31000,3867,1,0,2433,60,0
"a753dd92-3787-4846-9b1b-81c810fb3ff7","deepseek-v3-241226","diff",7000,43923,6,0,44174,981,0
"03c49e5d-7c42-4c3e-b008-7996972de0a4","deepseek-v3-241226","diff",39000,14230,2,0,37419,220,0
"03c49e5d-7c42-4c3e-b008-7996972de0a4","deepseek-v3-241226","diff",7000,40929,8,0,48038,892,0
"d4a6aaf1-8956-4941-8772-6eadfb6040e8","deepseek-v3-241226","diff",39000,14045,2,0,30045,207,0
"0c5bb896-8006-4554-9bed-de3826678257","deepseek-v3-241226","diff",31000,43374,2,0,26763,983,0
"03c49e5d-7c42-4c3e-b008-7996972de0a4","deepseek-v3-241226","diff",15000,22552,4,0,41442,478,0
"5a52d2e0-7219-40f9-aaf5-c3c51cc201c5","deepseek-v3-241226","diff",23000,22403,3,0,36735,316,0
"3ba23f98-14d7-4107-9c7f-b59c607ac505","deepseek-v3-241226","diff",7000,23261,5,0,28653,421,0
"5a52d2e0-7219-40f9-aaf5-c3c51cc201c5","deepseek-v3-241226","diff",23000,18762,3,0,36735,281,0
"8c8d4b72-e923-4fd3-ba2a-0ba3bebf3332","deepseek-v3-241226","diff",39000,13220,2,0,32160,178,0
"2205ad14-4ae1-45f2-8b71-d0c32395ba31","deepseek-v3-241226","diff",23000,11962,2,0,29672,216,0
"a753dd92-3787-4846-9b1b-81c810fb3ff7","deepseek-v3-241226","diff",39000,14785,2,0,37845,164,0
"edb88d13-3175-4853-b34b-867d88f0571e","deepseek-v3-241226","diff",7000,12273,3,0,14785,288,0
"5a52d2e0-7219-40f9-aaf5-c3c51cc201c5","deepseek-v3-241226","diff",39000,14103,2,0,34816,194,0
"a753dd92-3787-4846-9b1b-81c810fb3ff7","deepseek-v3-241226","diff",23000,13337,2,0,37583,166,0
"d4a6aaf1-8956-4941-8772-6eadfb6040e8","deepseek-v3-241226","diff",15000,22618,4,0,29987,400,0
"0c5bb896-8006-4554-9bed-de3826678257","deepseek-v3-241226","diff",31000,32175,2,0,26763,768,0
"edb88d13-3175-4853-b34b-867d88f0571e","deepseek-v3-241226","diff",15000,9863,2,0,11944,195,0
"03c49e5d-7c42-4c3e-b008-7996972de0a4","deepseek-v3-241226","diff",7000,38246,8,0,47998,843,0
"8c8d4b72-e923-4fd3-ba2a-0ba3bebf3332","deepseek-v3-241226","diff",15000,19806,4,0,28072,367,0
"ffd079b6-5ec9-4d1e-bc34-a138d1c75afd","deepseek-v3-241226","diff",23000,3890,1,0,2433,60,0
"2205ad14-4ae1-45f2-8b71-d0c32395ba31","deepseek-v3-241226","diff",39000,9175,1,0,26978,94,0
"edb88d13-3175-4853-b34b-867d88f0571e","deepseek-v3-241226","diff",31000,7766,2,0,11944,166,0
"2205ad14-4ae1-45f2-8b71-d0c32395ba31","deepseek-v3-241226","diff",15000,14266,3,0,26064,272,0
"3ba23f98-14d7-4107-9c7f-b59c607ac505","deepseek-v3-241226","diff",23000,55246,2,0,22670,1401,0
"ffd079b6-5ec9-4d1e-bc34-a138d1c75afd","deepseek-v3-241226","diff",39000,4317,1,0,2433,63,0
"8c8d4b72-e923-4fd3-ba2a-0ba3bebf3332","deepseek-v3-241226","diff",23000,21094,3,0,31099,400,0
"2205ad14-4ae1-45f2-8b71-d0c32395ba31","deepseek-v3-241226","diff",23000,14072,2,0,29672,219,0
"5a52d2e0-7219-40f9-aaf5-c3c51cc201c5","deepseek-v3-241226","diff",31000,16688,2,0,43296,194,0
"5a52d2e0-7219-40f9-aaf5-c3c51cc201c5","deepseek-v3-241226","diff",15000,110011,4,0,31219,2935,0
"5a52d2e0-7219-40f9-aaf5-c3c51cc201c5","deepseek-v3-241226","diff",23000,19942,3,0,36771,400,0
"8c8d4b72-e923-4fd3-ba2a-0ba3bebf3332","deepseek-v3-241226","diff",7000,24006,5,0,22556,465,0
"d4a6aaf1-8956-4941-8772-6eadfb6040e8","deepseek-v3-241226","diff",23000,10496,2,0,25223,206,0
"edb88d13-3175-4853-b34b-867d88f0571e","deepseek-v3-241226","diff",31000,7907,2,0,11944,166,0
"edb88d13-3175-4853-b34b-867d88f0571e","deepseek-v3-241226","diff",39000,9390,2,0,11944,177,0
"03c49e5d-7c42-4c3e-b008-7996972de0a4","deepseek-v3-241226","diff",23000,96399,3,0,39851,2341,0
"3ba23f98-14d7-4107-9c7f-b59c607ac505","deepseek-v3-241226","diff",31000,49841,2,0,25241,1319,0
"2205ad14-4ae1-45f2-8b71-d0c32395ba31","deepseek-v3-241226","diff",31000,9889,2,0,23360,189,0
"a753dd92-3787-4846-9b1b-81c810fb3ff7","deepseek-v3-241226","diff",31000,50720,2,0,37745,1266,0
"8c8d4b72-e923-4fd3-ba2a-0ba3bebf3332","deepseek-v3-241226","diff",15000,19901,4,0,28072,378,0
"d4a6aaf1-8956-4941-8772-6eadfb6040e8","deepseek-v3-241226","diff",15000,31580,4,0,30169,677,0
"2205ad14-4ae1-45f2-8b71-d0c32395ba31","deepseek-v3-241226","diff",7000,64778,5,0,30709,1664,0
"3ba23f98-14d7-4107-9c7f-b59c607ac505","deepseek-v3-241226","diff",23000,50890,2,0,22670,1268,0
"ffd079b6-5ec9-4d1e-bc34-a138d1c75afd","deepseek-v3-241226","diff",39000,3010,1,0,2433,64,0
"0c5bb896-8006-4554-9bed-de3826678257","deepseek-v3-241226","diff",7000,30659,6,0,35479,596,0
"5a52d2e0-7219-40f9-aaf5-c3c51cc201c5","deepseek-v3-241226","diff",15000,17955,4,0,29431,342,0
"ffd079b6-5ec9-4d1e-bc34-a138d1c75afd","deepseek-v3-241226","diff",7000,2561,1,0,2433,60,0
"a753dd92-3787-4846-9b1b-81c810fb3ff7","deepseek-v3-241226","diff",15000,78684,3,0,41453,1810,0
"03c49e5d-7c42-4c3e-b008-7996972de0a4","deepseek-v3-241226","diff",39000,42215,2,0,37419,958,0
"edb88d13-3175-4853-b34b-867d88f0571e","deepseek-v3-241226","diff",23000,8269,2,0,11944,166,0
"d4a6aaf1-8956-4941-8772-6eadfb6040e8","deepseek-v3-241226","diff",31000,13074,2,0,25223,207,0
"5a52d2e0-7219-40f9-aaf5-c3c51cc201c5","deepseek-v3-241226","diff",39000,13431,2,0,34816,194,0
"edb88d13-3175-4853-b34b-867d88f0571e","deepseek-v3-241226","diff",31000,9043,2,0,11944,167,0
"0c5bb896-8006-4554-9bed-de3826678257","deepseek-v3-241226","diff",39000,9855,2,0,30154,196,0
"d4a6aaf1-8956-4941-8772-6eadfb6040e8","deepseek-v3-241226","diff",7000,25793,5,0,26522,478,0
"5a52d2e0-7219-40f9-aaf5-c3c51cc201c5","deepseek-v3-241226","diff",39000,14263,2,0,34816,194,0
"3ba23f98-14d7-4107-9c7f-b59c607ac505","deepseek-v3-241226","diff",39000,7937,1,0,22611,91,0
"0c5bb896-8006-4554-9bed-de3826678257","deepseek-v3-241226","diff",23000,44541,2,0,32126,998,0
"2205ad14-4ae1-45f2-8b71-d0c32395ba31","deepseek-v3-241226","diff",39000,9392,1,0,26978,94,0
"a753dd92-3787-4846-9b1b-81c810fb3ff7","deepseek-v3-241226","diff",7000,62337,6,0,44318,1413,0
"3ba23f98-14d7-4107-9c7f-b59c607ac505","deepseek-v3-241226","diff",15000,77232,3,0,28126,1944,0
"03c49e5d-7c42-4c3e-b008-7996972de0a4","deepseek-v3-241226","diff",31000,15608,2,0,38089,207,0
"0c5bb896-8006-4554-9bed-de3826678257","deepseek-v3-241226","diff",23000,26995,2,0,31765,603,0
"a753dd92-3787-4846-9b1b-81c810fb3ff7","deepseek-v3-241226","diff",15000,56872,3,0,41361,1197,0
"ffd079b6-5ec9-4d1e-bc34-a138d1c75afd","deepseek-v3-241226","diff",39000,2316,1,0,2433,60,0